"Techstack","Links"
"PHP, MySQL, WordPress","https://shubhamchoudharyshubh.in/"
"React, Node.js, MongoDB","https://github.com/ShubhamChoudharyShubh/react-blog"
"JavaScript, HTML, CSS, Bootstrap","https://github.com/ShubhamChoudharyShubh"
"Laravel, PHP, MySQL","https://github.com/ShubhamChoudharyShubh/Hotel-Booking-Website"
"CodeIgniter, PHP, MySQL","https://github.com/ShubhamChoudharyShubh/PHP-Discussion-Board"
"jQuery, AJAX, PHP","https://github.com/ShubhamChoudharyShubh"
"SEO, WordPress, Blogging","https://boardexamscommunity.in/"
"E-commerce, WooCommerce, WordPress","https://kswcargo.com/"
"Custom Web Development, PHP, MySQL","https://securigeek.com/"
"Full-stack, PHP, JavaScript, MySQL","https://discussphp.shubhamchoudharyshubh.in/"
"Frontend, ReactJS, Tailwind CSS","https://github.com/ShubhamChoudharyShubh"
"Backend, PHP, Laravel, API","https://github.com/ShubhamChoudharyShubh"
"Android, Java, Firebase","https://github.com/ShubhamChoudharyShubh"
"iOS, Swift, Core Data","https://github.com/ShubhamChoudharyShubh"
"DevOps, Git, Deployment","https://github.com/ShubhamChoudharyShubh"
"Freelancing, WordPress, Custom Websites","https://shubhamchoudharyshubh.in/"
